<?xml version="1.0" encoding="UTF-8"?>
<ar:ApplicationResponse xmlns:ar="urn:oasis:names:specification:ubl:schema:xsd:ApplicationResponse-2" xmlns:ext="urn:oasis:names:specification:ubl:schema:xsd:CommonExtensionComponents-2" xmlns:cbc="urn:oasis:names:specification:ubl:schema:xsd:CommonBasicComponents-2" xmlns:cac="urn:oasis:names:specification:ubl:schema:xsd:CommonAggregateComponents-2" xmlns:ds="http://www.w3.org/2000/09/xmldsig#" xmlns:soap="http://schemas.xmlsoap.org/soap/envelope/"><ext:UBLExtensions><ext:UBLExtension><ext:ExtensionContent><Signature xmlns="http://www.w3.org/2000/09/xmldsig#">
<SignedInfo>
  <CanonicalizationMethod Algorithm="http://www.w3.org/2001/10/xml-exc-c14n#WithComments"/>
  <SignatureMethod Algorithm="http://www.w3.org/2001/04/xmldsig-more#rsa-sha512"/>
  <Reference URI="">
    <Transforms>
      <Transform Algorithm="http://www.w3.org/2000/09/xmldsig#enveloped-signature"/>
      <Transform Algorithm="http://www.w3.org/2001/10/xml-exc-c14n#WithComments"/>
    </Transforms>
    <DigestMethod Algorithm="http://www.w3.org/2001/04/xmlenc#sha512"/>
    <DigestValue>FdJT5Uh+0vEMEcNTwiCxCQsYhyRiuywHr564+z2z+cK5l/xEgqetY4I1+wEGYxvXaG9QC49qyKZNS7417EcRMg==</DigestValue>
  </Reference>
</SignedInfo>
    <SignatureValue>*Private key 'BetaPublicCert' not up*</SignatureValue><KeyInfo><X509Data><X509Certificate>*Named certificate 'BetaPrivateKey' not up*</X509Certificate><X509IssuerSerial><X509IssuerName>*Named certificate 'BetaPrivateKey' not up*</X509IssuerName><X509SerialNumber>*Named certificate 'BetaPrivateKey' not up*</X509SerialNumber></X509IssuerSerial></X509Data></KeyInfo></Signature></ext:ExtensionContent></ext:UBLExtension></ext:UBLExtensions><cbc:ID>1614194892778</cbc:ID><cbc:IssueDate>2021-02-24T14:27:07</cbc:IssueDate><cbc:IssueTime>00:00:00</cbc:IssueTime><cbc:ResponseDate>2021-02-24</cbc:ResponseDate><cbc:ResponseTime>13:28:12</cbc:ResponseTime><cac:Signature><cbc:ID>SignSUNAT</cbc:ID><cac:SignatoryParty><cac:PartyIdentification><cbc:ID>20131312955</cbc:ID></cac:PartyIdentification><cac:PartyName><cbc:Name>SUNAT</cbc:Name></cac:PartyName></cac:SignatoryParty><cac:DigitalSignatureAttachment><cac:ExternalReference><cbc:URI>#SignSUNAT</cbc:URI></cac:ExternalReference></cac:DigitalSignatureAttachment></cac:Signature><cbc:Note>3244 - Debe consignar la informacion del tipo de transaccion del comprobante - INFO : 3244 (nodo: "/" valor: "")</cbc:Note><cac:SenderParty><cac:PartyIdentification><cbc:ID>20131312955</cbc:ID></cac:PartyIdentification></cac:SenderParty><cac:ReceiverParty><cac:PartyIdentification><cbc:ID>20538236021</cbc:ID></cac:PartyIdentification></cac:ReceiverParty><cac:DocumentResponse><cac:Response><cbc:ReferenceID>F001-00000899</cbc:ReferenceID><cbc:ResponseCode>0</cbc:ResponseCode><cbc:Description>La Factura numero F001-00000899, ha sido aceptada</cbc:Description></cac:Response><cac:DocumentReference><cbc:ID>F001-00000899</cbc:ID></cac:DocumentReference><cac:RecipientParty><cac:PartyIdentification><cbc:ID>6-20521910764</cbc:ID></cac:PartyIdentification></cac:RecipientParty></cac:DocumentResponse></ar:ApplicationResponse>